STATIONS_ID,MESS_DATUM,Wind_max,Wind_mittel,Niederschlag,Niederschlag_art,Sonnendauer,Schnee,Bedeckung,Dampfdruck,Luftdruck,Temperatur_mittel,Feuchte_mittel,Temperatur_max_2m,Temperatur_min_2m,Temperatur_min_5cm
  
       1303,20190101,   14.1,   4.3,      3.2,   6,    0.000,   0,   7.4,   8.5, 1010.68,    6.1,   89.42,    7.5,    3.7,    2.2
       1303,20190102,   10.7,   3.7,      0.1,   6,    0.000,   0,   5.9,   5.6, 1016.38,    3.5,   70.63,    5.8,    0.6,   -3.7
       1303,20190103,    6.9,   2.3,      0.4,   6,    0.000,   0,   7.8,   6.7, 1019.73,    2.9,   88.75,    4.4,    0.7,   -0.1
       1303,20190104,    8.4,   2.3,      9.5,   6,    0.000,   0,   7.9,   7.2, 1017.80,    2.5,   98.33,    3.6,    1.2,    0.1
       1303,20190105,   11.5,   4.2,      8.2,   6,    0.000,   0,   7.5,   8.8, 1012.07,    5.3,   98.42,    6.1,    3.6,    3.6
       1303,20190106,   10.2,   3.0,      1.4,   6,    0.000,   0,   7.8,   8.4, 1014.03,    4.9,   97.25,    5.4,    3.2,    2.3
       1303,20190107,   12.9,   3.7,      9.3,   6,    0.000,   0,   7.3,   8.3, 1011.36,    4.4,   98.33,    7.7,    1.6,   -0.6
       1303,20190108,   17.8,   5.7,      3.9,   6,    0.000,   0,   7.5,   7.6,  997.41,    5.7,   83.08,    7.9,    3.5,    2.8
       1303,20190109,   14.5,   5.1,      0.1,   6,    0.000,   0,   5.9,   5.9,  999.96,    3.0,   78.33,    4.8,   -0.1,   -1.7
       1303,20190110,    4.9,   2.0,      0.8,   8,    0.000,   0,   7.5,   5.6, 1007.57,    0.4,   88.25,    1.6,   -0.7,   -2.2
       1303,20190111,    9.1,   3.3,      4.8,   6,    0.000,   0,   7.8,   7.9, 1005.45,    3.6,   98.50,    6.5,    0.2,    0.0
       1303,20190112,   13.9,   4.0,      6.4,   6,    0.000,   0,   7.7,   8.7,  999.65,    5.5,   95.88,    6.4,    4.5,    4.1
       1303,20190113,   17.9,   4.6,     23.8,   8,    0.000,   0,   7.6,   9.7,  987.98,    7.1,   95.58,    8.2,    5.0,    4.2
       1303,20190114,   11.8,   3.6,      4.7,   6,    2.000,   0,   7.1,   7.0,  994.89,    3.8,   86.08,    6.0,    0.3,   -1.2
       1303,20190115,   11.2,   4.2,      0.2,   6,    0.000,   0,   7.3,   7.2,  999.78,    4.0,   89.04,    6.3,    0.0,   -2.3
       1303,20190116,   14.4,   5.7,      2.2,   6,    0.000,   0,   7.9,   7.1,  991.04,    5.1,   80.00,    5.9,    4.3,    3.5
       1303,20190117,   14.6,   4.1,      6.7,   8,    0.033,   0,   7.5,   7.1,  986.36,    3.0,   93.42,    4.9,   -0.1,   -0.9
       1303,20190118,    5.1,   1.9,      0.0,   0,    4.500,   0,   5.7,   5.3, 1000.55,   -0.8,   91.29,    1.9,   -2.8,   -5.3
       1303,20190119,    8.7,   2.7,      0.0,   0,    6.917,   0,   7.4,   4.1,  998.47,   -0.9,   72.96,    3.4,   -3.6,   -5.7
       1303,20190120,    5.6,   2.3,      0.0,   0,    8.033,   0,   0.0,   3.5,  999.13,   -1.6,   65.29,    2.1,   -5.0,   -7.9
       1303,20190121,    5.3,   2.1,      0.0,   0,    8.017,   0,   0.6,   3.6, 1003.12,   -2.4,   70.83,    0.6,   -4.5,   -8.2
       1303,20190122,   12.3,   5.0,      0.2,   8,    3.600,   0,   6.8,   3.6,  989.28,   -2.4,   71.63,   -0.5,   -3.9,   -6.0
       1303,20190123,    8.0,   3.2,      0.0,   8,    0.117,   1,   8.0,   3.9,  982.63,   -2.2,   75.75,   -0.7,   -3.5,   -4.6
       1303,20190124,    4.2,   1.3,      0.0,   8,    0.083,   1,   7.9,   3.6,  992.48,   -4.1,   79.46,   -3.4,   -4.6,   -5.8
       1303,20190125,   11.3,   2.9,      2.9,   8,    0.000,   1,   7.8,   5.2,  995.17,   -1.2,   91.83,    2.6,   -3.9,   -3.8
       1303,20190126,   11.5,   4.8,      3.1,   6,    0.000,   1,   7.8,   8.4,  986.84,    5.0,   96.58,    6.5,    2.7,    2.3
       1303,20190127,   12.6,   4.6,      8.4,   8,    0.000,   0,   7.7,   7.8,  969.97,    4.6,   91.79,    6.0,    2.3,    1.8
       1303,20190128,   15.4,   5.0,      5.0,   8,    0.000,   0,   7.5,   6.5,  976.55,    2.1,   91.58,    4.0,    0.3,   -0.9
       1303,20190129,    8.9,   3.3,      0.0,   8,    1.000,   0,   7.5,   5.4,  985.53,    1.1,   81.33,    3.5,   -0.1,   -1.8
       1303,20190130,    5.8,   2.3,      4.6,   8,    0.000,   0,   7.7,   5.2,  975.62,   -0.5,   88.58,    0.7,   -1.4,   -2.6
       1303,20190131,    6.7,   2.0,      1.7,   8,    0.000,   4,   6.4,   5.1,  977.86,   -1.4,   91.88,    0.1,   -3.1,   -9.9
       1303,20190201,    9.1,   3.1,      3.2,   8,    3.250,   4,   7.1,   5.9,  971.98,    2.0,   83.25,    5.3,   -1.6,   -2.4
       1303,20190202,    7.4,   2.8,     10.1,   8,    0.000,   0,   7.8,   5.9,  980.41,    0.6,   92.17,    2.4,    0.1,    0.0
       1303,20190203,    7.4,   2.5,      0.0,   0,    4.700,   0,   4.8,   5.5, 1000.90,    1.4,   82.42,    4.4,   -0.4,   -4.2
       1303,20190204,   13.2,   4.1,      1.1,   8,    2.467,   0,   6.3,   4.9, 1007.33,    1.8,   71.79,    4.3,   -0.7,   -2.9
       1303,20190205,    7.5,   2.7,      0.0,   0,    0.000,   0,   7.8,   6.7, 1008.55,    2.5,   90.79,    4.0,    0.9,    0.0
       1303,20190206,    9.9,   3.9,      2.3,   6,    0.200,   0,   7.9,   5.8, 1003.72,    5.1,   66.08,    8.5,    2.3,    0.5
       1303,20190207,   14.9,   6.2,      0.6,   6,    2.517,   0,   6.9,   7.4,  992.72,    6.6,   76.00,    9.2,    4.2,    3.4
       1303,20190208,   14.1,   5.3,      4.8,   6,    0.000,   0,   7.8,   7.8,  991.70,    6.9,   78.50,    8.3,    5.1,    4.3
       1303,20190209,   20.5,   6.6,      6.5,   6,    2.350,   0,   6.9,   7.6,  986.77,    7.4,   74.46,    9.6,    5.9,    4.4
       1303,20190210,   14.5,   5.8,     25.9,   8,    0.000,   0,   7.5,   8.6,  977.92,    6.3,   89.75,    9.0,    0.5,    0.1
       1303,20190211,   11.8,   3.5,      0.8,   6,    1.967,   0,   6.6,   6.9,  999.93,    3.8,   86.25,    6.4,    1.6,   -1.7
       1303,20190212,    7.8,   2.7,      0.0,   0,    1.333,   0,   6.7,   6.6, 1015.03,    2.9,   87.63,    6.1,    0.0,   -1.9
       1303,20190213,    7.8,   3.1,      0.0,   0,    4.967,   0,   7.3,   6.4, 1017.45,    4.3,   76.71,    7.1,    1.7,   -0.1
       1303,20190214,    5.9,   2.5,      0.0,   0,    9.183,   0,   4.5,   4.5, 1016.86,    8.0,   44.83,   13.8,    3.0,   -0.3
       1303,20190215,   10.2,   4.2,      0.0,   0,    9.650,   0,   0.0,   4.0, 1012.69,   11.5,   30.00,   16.6,    7.4,    2.9
       1303,20190216,    7.5,   2.8,      0.0,   0,    9.183,   0,   3.0,   3.6, 1007.79,   10.6,   29.04,   14.8,    7.0,    1.2
       1303,20190217,    8.0,   3.0,      0.0,   0,    8.783,   0,   6.3,   5.2, 1003.69,   11.0,   41.13,   15.9,    6.8,    2.7
       1303,20190218,    8.0,   2.6,      0.0,   6,    9.433,   0,   2.1,   4.1,  999.81,   10.8,   33.00,   15.5,    7.7,    3.8
       1303,20190219,   10.5,   3.9,      0.0,   0,    2.667,   0,   6.5,   7.4, 1000.70,    7.6,   71.04,   10.2,    5.1,    3.0
       1303,20190220,    8.7,   3.3,      0.0,   0,    1.967,   0,   6.6,   7.3, 1004.81,    7.1,   72.83,   10.6,    4.1,    2.8
       1303,20190221,    8.6,   3.1,      1.7,   6,    2.600,   0,   6.5,   8.7, 1008.98,    8.3,   79.46,   12.2,    4.5,    1.7
       1303,20190222,    5.8,   2.2,      0.2,   6,    0.900,   0,   6.8,  10.1, 1017.28,    9.2,   87.17,   12.3,    5.9,    3.0
       1303,20190223,    8.1,   2.6,      0.0,   0,    9.633,   0,   0.4,   6.0, 1019.81,    6.8,   64.33,   12.6,    1.8,   -1.0
       1303,20190224,    8.0,   2.4,      0.0,   0,   10.033,   0,   1.3,   2.8, 1019.26,   10.1,   23.08,   16.2,    4.7,    0.7
       1303,20190225,    6.0,   2.0,      0.0,   0,   10.067,   0,   2.0,   4.6, 1019.25,   11.7,   31.67,   18.3,    6.0,    0.4
       1303,20190226,    5.6,   1.8,      0.0,   0,   10.167,   0,   0.8,   5.3, 1015.98,   13.0,   34.67,   18.4,    5.0,    0.2
       1303,20190227,    5.7,   2.2,      0.0,   0,   10.383,   0,   0.0,   5.5, 1007.65,   14.1,   34.54,   19.5,    8.9,    2.0
       1303,20190228,   13.0,   4.0,      1.5,   6,    6.017,   0,   5.1,   8.6,  998.22,    9.4,   72.79,   13.2,    6.2,    3.8
       1303,20190301,   10.2,   2.8,      0.2,   6,    0.000,   0,   7.8,   8.6,  996.87,    6.4,   88.83,    8.6,    4.5,    3.7
       1303,20190302,   11.5,   3.4,      2.6,   4,    0.817,   0,   7.5,   8.6,  996.58,    7.0,   85.13,   10.7,    4.5,    4.0
       1303,20190303,   16.1,   6.0,      3.8,   4,    0.000,   0,   7.7,   9.7,  988.28,    9.9,   79.33,   11.9,    8.0,    7.0
       1303,20190304,   26.4,   7.1,      4.8,   6,    1.050,   0,   7.6,   7.5,  976.97,    8.6,   67.04,   13.2,    4.6,    3.9
       1303,20190305,   14.2,   4.9,      0.7,   4,    1.950,   0,   7.0,   6.8,  987.86,    6.0,   72.67,    9.3,    3.4,    2.9
       1303,20190306,   14.9,   6.3,      4.9,   4,    1.067,   0,   7.7,   8.5,  983.22,    9.2,   73.38,   12.4,    6.0,    5.0
       1303,20190307,   19.9,   7.6,      6.6,   4,    2.000,   0,   7.2,   8.3,  977.34,    8.8,   73.04,   11.8,    6.8,    5.2
       1303,20190308,   17.0,   5.3,      4.2,   4,    1.867,   0,   7.4,   7.3,  991.89,    7.1,   73.04,    9.5,    5.2,    4.6
       1303,20190309,   24.8,   6.5,     11.8,   6,    0.733,   0,   7.5,   8.4,  992.53,    8.0,   78.13,   11.3,    5.9,    3.7
       1303,20190310,   27.5,   5.6,      9.0,   4,    0.467,   0,   7.5,   7.9,  989.02,    6.1,   82.67,   11.6,    0.9,    0.1
       1303,20190311,   17.4,   5.3,      3.1,   4,    0.933,   0,   7.8,   6.2,  999.17,    3.8,   78.21,    6.9,    0.4,   -0.4
       1303,20190312,   20.2,   5.6,      0.9,   6,    1.300,   0,   7.6,   5.8,  994.92,    5.5,   66.13,    9.4,    1.4,   -0.7
       1303,20190313,   17.3,   6.9,      5.6,   4,    0.000,   0,   7.1,   7.1,  986.62,    5.3,   79.88,    6.3,    4.2,    3.1
       1303,20190314,   17.0,   5.9,     11.9,   4,    1.017,   0,   7.0,   7.9,  984.93,    6.3,   82.38,   10.0,    5.0,    4.0
       1303,20190315,   15.8,   5.1,     16.6,   4,    0.000,   0,   7.7,   9.4,  987.14,    8.3,   84.88,   11.8,    6.1,    4.9
       1303,20190316,   16.6,   5.8,      2.3,   4,    0.000,   0,   7.8,   8.8,  988.97,    9.0,   76.88,   10.7,    6.4,    5.9
       1303,20190317,   16.4,   5.6,      9.2,   4,    1.883,   0,   6.9,   7.3,  985.34,    6.6,   74.71,   10.6,    2.2,    0.9
       1303,20190318,   11.8,   3.5,      0.0,   4,    4.150,   0,   4.6,   6.2,  999.27,    4.4,   75.00,    8.4,    1.9,   -2.7
       1303,20190319,    6.2,   1.8,      0.0,   4,    7.900,   0,   1.9,   5.4, 1010.01,    5.1,   62.46,   10.2,   -0.5,   -3.8
       1303,20190320,    6.8,   2.3,      0.0,   4,    0.567,   0,   4.9,   7.4, 1015.15,    7.7,   69.38,   11.8,    3.1,    0.3
       1303,20190321,    6.0,   2.1,      0.0,   0,   11.300,   0,   1.9,   7.4, 1015.60,   11.1,   58.17,   15.9,    6.4,    2.0
       1303,20190322,    6.9,   2.3,      0.0,   0,   11.167,   0,   3.6,   6.4, 1011.01,   13.6,   45.04,   19.7,    5.6,    2.8
       1303,20190323,    7.6,   2.4,      0.0,   4,    0.183,   0,   7.6,   8.2, 1011.38,    8.8,   72.38,   11.3,    5.8,    3.9
       1303,20190324,    7.8,   3.1,      0.0,   4,    9.050,   0,   3.7,   6.5, 1008.58,    7.5,   63.71,   11.0,    3.4,    0.1
       1303,20190325,   19.6,   4.9,      1.0,   6,    3.217,   0,   6.9,   6.8, 1004.59,    6.2,   71.54,    9.3,    3.3,    1.2
       1303,20190326,    8.2,   2.4,      0.1,   6,    0.283,   0,   7.8,   6.7, 1012.58,    6.2,   70.17,    7.8,    4.6,    2.5
       1303,20190327,    5.1,   1.6,      0.0,   0,    2.700,   0,   7.3,   7.3, 1014.83,    7.7,   70.13,   10.5,    4.2,    0.3
       1303,20190328,    3.6,   1.3,      0.0,   0,    0.083,   0,   7.0,   8.0, 1016.66,    9.4,   68.38,   11.6,    7.5,    2.4
       1303,20190329,    7.4,   2.0,      0.0,   0,   11.933,   0,   0.0,   7.9, 1011.98,   11.8,   58.79,   17.4,    4.8,    0.0
       1303,20190330,    9.9,   2.8,      0.0,   0,   10.683,   0,   1.8,  -999, 1004.06,   13.5,    -999,   17.8,    9.4,    5.9
       1303,20190331,   11.5,   4.6,      0.2,   6,    5.817,   0,   4.3,  -999, 1005.37,    9.0,    -999,   12.2,    3.8,    2.5
       1303,20190401,   10.3,   3.5,      0.0,   0,   12.167,   0,   0.0,  -999, 1002.56,    8.3,    -999,   14.9,    1.0,   -0.3
       1303,20190402,   10.9,   3.8,      4.7,   6,    4.167,   0,   5.9,   8.9,  989.32,   10.7,   68.79,   13.9,    7.9,    3.5
       1303,20190403,    8.3,   2.4,      0.9,   6,    0.000,   0,   7.0,   8.0,  984.19,    6.9,   80.63,    9.0,    5.3,    3.9
       1303,20190404,    5.2,   1.5,      1.4,   6,    0.000,   0,   6.8,   7.3,  983.46,    5.3,   81.96,    7.0,    3.8,    1.4
       1303,20190405,    6.7,   2.4,      0.0,   0,    0.000,   0,   7.8,   7.9,  988.30,    6.2,   83.88,    8.8,    3.8,    2.6
       1303,20190406,    6.6,   2.5,      0.0,   0,    1.167,   0,   7.3,   9.8,  987.25,   10.9,   75.83,   16.3,    6.6,    6.4
       1303,20190407,   11.1,   3.3,      0.0,   0,   10.050,   0,   3.1,   7.4,  987.75,   15.0,   46.88,   19.7,    9.8,    7.2
       1303,20190408,    7.3,   2.0,      0.0,   0,    6.683,   0,   4.3,   7.6,  991.70,   14.2,   48.58,   19.1,    7.4,    3.9
       1303,20190409,   11.6,   4.9,      0.0,   0,    7.400,   0,   6.0,   7.7,  993.66,   10.5,   61.00,   14.9,    6.7,    5.4
       1303,20190410,   11.5,   5.1,      0.0,   0,   12.533,   0,   2.3,   5.3,  997.95,    7.1,   53.38,   11.4,    2.6,    1.0
       1303,20190411,   10.6,   3.9,      0.0,   0,   10.800,   0,   1.3,   4.6, 1004.44,    5.6,   51.88,   10.5,    0.8,   -0.8
       1303,20190412,    9.3,   3.5,      0.0,   8,    0.133,   0,   7.7,   4.6, 1006.63,    3.9,   57.50,    5.3,    1.7,    0.7
       1303,20190413,   11.4,   4.2,      0.8,   8,    5.717,   0,   5.0,   5.2, 1005.78,    2.3,   73.63,    6.5,   -0.1,   -1.2
       1303,20190414,   11.5,   4.2,      0.0,   0,    7.083,   0,   5.3,   5.9, 1006.43,    5.0,   70.13,    9.9,    0.8,    0.1
       1303,20190415,   10.6,   3.7,      0.0,   0,   10.700,   0,   2.1,   5.9, 1005.01,   10.1,   52.75,   17.1,    3.7,    1.9
       1303,20190416,   10.2,   3.3,      0.0,   6,   10.933,   0,   2.9,   6.0,  999.45,   12.2,   43.92,   18.7,    4.6,    2.1
       1303,20190417,   10.7,   3.3,      0.0,   6,    1.083,   0,   7.6,   9.3, 1003.88,   13.5,   60.33,   17.0,   10.4,    8.9
       1303,20190418,   12.3,   4.1,      0.0,   0,   10.533,   0,   5.7,   6.9, 1007.06,   16.3,   38.17,   21.6,   10.9,    8.5
       1303,20190419,   11.7,   3.3,      0.0,   0,   13.250,   0,   0.5,   7.5, 1009.93,   17.3,   39.67,   23.8,   10.0,    7.8
       1303,20190420,    9.8,   3.2,      0.0,   0,   13.250,   0,   0.1,   7.9, 1009.97,   17.7,   40.58,   23.6,   10.7,    6.4
       1303,20190421,    8.9,   2.6,      0.0,   0,   13.267,   0,   0.0,   7.3, 1002.23,   16.9,   39.08,   23.2,    8.9,    3.9
       1303,20190422,   13.1,   4.2,      0.0,   0,   13.250,   0,   0.8,   7.3,  991.49,   18.3,   35.75,   24.1,   12.8,    5.5
       1303,20190423,    9.9,   3.9,      0.0,   0,   12.017,   0,   3.7,   8.9,  982.26,   15.2,   50.92,   20.5,    8.5,    6.6
       1303,20190424,   22.7,   4.5,     11.4,   8,    7.900,   0,   5.5,  10.8,  983.36,   17.0,   58.17,   24.0,    8.9,    7.5
       1303,20190425,   14.4,   5.2,      3.3,   6,    5.867,   0,   5.1,   9.6,  989.48,   13.4,   64.25,   19.9,    8.6,    6.8
       1303,20190426,    9.6,   2.3,      0.1,   6,    2.767,   0,   6.8,  10.2,  995.19,   11.2,   77.71,   15.4,    8.8,    6.4
       1303,20190427,   11.9,   2.9,      8.3,   8,    2.083,   0,   6.7,   9.3,  994.90,    8.7,   82.92,   11.4,    6.6,    6.0
       1303,20190428,    7.5,   2.2,      0.3,   6,    1.783,   0,   6.3,   8.4, 1000.50,    8.4,   76.29,   11.5,    5.6,    1.1
       1303,20190429,    9.1,   2.7,      0.0,   6,    7.117,   0,   5.8,   8.9, 1005.65,   10.2,   72.42,   15.0,    4.5,    0.0
       1303,20190430,    7.7,   2.8,      0.0,   0,   10.400,   0,   3.2,   9.1, 1003.93,   11.8,   67.83,   17.0,    7.2,    4.6
       1303,20190501,    5.3,   1.6,      0.0,   0,    3.783,-999,   5.7,   9.8,  999.18,    9.0,   86.25,   13.9,    6.1,    3.3
       1303,20190502,   11.1,   2.3,      3.3,   6,    2.883,-999,   6.6,   9.9,  993.13,    9.0,   86.67,   14.7,    5.1,    1.2
       1303,20190503,    8.9,   2.5,      7.1,   6,    2.417,-999,   7.3,   7.6,  994.01,    8.1,   71.04,   11.4,    5.0,    4.8
       1303,20190504,   14.1,   3.2,      1.4,   8,    6.417,-999,   5.2,   6.7,  993.16,    4.9,   78.00,    9.4,    2.4,   -0.2
       1303,20190505,   10.6,   2.8,      0.2,   6,    4.283,-999,   5.6,   6.4, 1001.47,    6.0,   69.88,   10.9,    1.5,   -1.9
       1303,20190506,    9.4,   2.7,      0.7,   6,    1.933,-999,   6.3,   7.3, 1002.51,    5.9,   79.25,    9.8,    1.5,   -1.4
       1303,20190507,    5.9,   1.6,      0.0,   6,    4.700,-999,   7.0,   7.3,  999.10,    7.8,   70.00,   11.9,    3.6,    0.6
       1303,20190508,   12.0,   4.1,      3.6,   6,    0.117,-999,   7.0,   9.5,  984.06,    9.8,   77.00,   11.7,    6.6,    4.5
       1303,20190509,   10.2,   3.6,      4.3,   6,    7.317,-999,   6.0,  10.3,  981.31,   11.1,   78.71,   15.8,    7.2,    5.5
       1303,20190510,    9.3,   2.8,      3.8,   6,    3.167,-999,   7.1,  10.1,  991.27,    9.6,   84.96,   13.5,    7.5,    6.3
       1303,20190511,   11.2,   3.5,      0.0,   6,    3.983,-999,   5.2,   9.1,  997.30,    9.8,   75.58,   14.0,    5.8,    2.9
       1303,20190512,    9.2,   3.3,      0.0,   0,    6.167,-999,   4.8,   6.8, 1014.75,    9.2,   59.50,   13.7,    4.6,    2.9
       1303,20190513,   10.9,   3.7,      0.0,   0,   14.350,-999,   1.0,   6.0, 1019.62,    9.8,   52.96,   15.3,    3.4,    0.6
       1303,20190514,   10.6,   3.7,      0.0,   0,   12.867,-999,   3.1,   6.6, 1014.50,   10.2,   55.25,   15.0,    4.9,    3.4
       1303,20190515,   12.2,   3.8,      0.0,   6,   13.950,-999,   0.4,   5.9, 1007.92,   10.7,   47.17,   15.4,    4.5,    2.2
       1303,20190516,   10.2,   3.4,      0.9,   6,    1.733,-999,   7.5,   8.0,  999.41,    9.8,   66.79,   13.7,    7.6,    6.2
       1303,20190517,    6.3,   2.4,      2.1,   6,    0.000,-999,   7.7,  10.7,  990.31,   10.4,   84.46,   13.8,    7.6,    7.3
       1303,20190518,    5.3,   1.8,      3.2,   6,    5.783,-999,   5.6,  10.9,  988.33,   14.7,   68.04,   21.9,    8.9,    4.9
       1303,20190519,   11.2,   2.4,      0.1,   6,    7.967,-999,   6.6,  11.7,  987.63,   16.0,   66.96,   21.7,   10.4,    8.0
       1303,20190520,   10.1,   2.6,      1.3,   8,    0.000,-999,   7.0,  13.5,  989.57,   13.5,   87.63,   15.7,   10.8,    8.5
       1303,20190521,   10.9,   3.5,      7.5,   6,    0.000,-999,   7.7,  13.2,  994.84,   11.6,   96.50,   12.5,   10.5,   10.6
       1303,20190522,    7.2,   2.1,      0.0,   0,    4.050,-999,   6.5,  10.6, 1001.19,   12.9,   72.50,   18.1,    9.2,    7.3
       1303,20190523,    7.7,   2.2,      0.0,   0,   13.550,-999,   5.7,   9.0, 1000.30,   15.8,   53.13,   21.4,    8.8,    4.6
       1303,20190524,    8.5,   2.5,      3.4,   8,    8.450,-999,   6.2,  10.5,  997.30,   16.6,   55.33,   22.2,   11.0,    6.1
       1303,20190525,    6.6,   2.0,      0.0,   0,    6.267,-999,   5.7,  10.2,  999.30,   13.8,   65.96,   19.2,    8.8,    6.3
       1303,20190526,   10.2,   3.9,      3.9,   6,    2.683,-999,   7.0,  12.4,  995.79,   15.6,   70.33,   19.8,   10.1,    6.9
       1303,20190527,    8.5,   2.7,      0.0,   0,    5.067,-999,   6.9,  11.6,  991.45,   14.9,   69.83,   19.2,   11.8,    7.1
       1303,20190528,    8.5,   2.4,      7.9,   8,    1.667,-999,   7.2,  10.8,  991.98,   11.7,   78.54,   14.9,    8.8,    6.7
       1303,20190529,    8.8,   2.2,      0.0,   6,   14.667,-999,   0.8,   8.0, 1003.00,   13.0,   55.96,   18.8,    6.0,    3.7
       1303,20190530,   10.4,   3.2,      0.0,   6,    0.000,-999,   7.8,  13.2, 1005.02,   15.3,   74.92,   18.6,   11.8,    9.6
       1303,20190531,    8.6,   3.3,      0.0,   0,   11.233,-999,   4.5,  13.6, 1006.56,   17.9,   66.88,   21.9,   13.6,    9.0
       1303,20190601,    7.0,   2.0,      0.0,   0,   14.067,-999,   3.0,  14.3, 1003.79,   19.8,   63.08,   25.9,   12.4,    8.1
       1303,20190602,   10.5,   3.1,      9.0,   6,   15.133,-999,   0.9,  15.2,  996.65,   23.9,   52.71,   29.2,   17.5,   12.0
       1303,20190603,   15.8,   2.3,      0.5,   6,    2.717,-999,   6.6,  16.9,  995.74,   19.0,   77.92,   22.7,   15.8,   13.1
       1303,20190604,   12.7,   3.0,      0.0,   6,   10.500,-999,   5.1,  16.8,  991.89,   21.0,   69.58,   26.4,   14.7,   12.0
       1303,20190605,   15.1,   2.6,      5.4,   6,    9.467,-999,   5.3,  17.0,  988.90,   21.4,   67.38,   25.5,   16.4,   15.6
       1303,20190606,   15.6,   3.4,      0.0,   0,    5.667,-999,   6.1,  12.2,  994.17,   14.5,   74.79,   17.7,   11.1,    7.0
       1303,20190607,   16.2,   4.7,      1.0,   6,   10.667,-999,   3.9,  11.5,  993.20,   16.0,   64.46,   23.8,    9.5,    5.7
       1303,20190608,   19.8,   6.2,      1.3,   6,    3.550,-999,   6.2,  10.2,  999.63,   14.1,   63.96,   18.1,   10.7,    8.4
       1303,20190609,    7.6,   2.4,      0.0,   0,    9.983,-999,   6.0,  10.5, 1003.85,   16.4,   58.88,   21.7,    9.5,    6.7
       1303,20190610,    8.1,   2.1,      6.0,   6,    5.350,-999,   6.5,  14.4,  994.52,   18.1,   69.54,   23.7,   14.4,   13.3
       1303,20190611,    6.8,   2.5,      0.1,   6,    8.250,-999,   6.1,  12.7,  993.98,   16.3,   70.71,   20.9,   12.2,   12.2
       1303,20190612,   13.4,   3.6,      8.2,   6,    7.600,-999,   5.1,  13.3,  991.70,   16.2,   72.50,   19.2,   12.5,    8.0
       1303,20190613,   13.7,   4.0,      0.2,   6,   10.317,-999,   5.0,  11.5,  994.87,   15.9,   64.42,   20.1,   11.8,    9.6
       1303,20190614,    6.4,   2.0,      1.6,   6,   13.133,-999,   4.5,  13.5,  996.12,   19.8,   60.17,   26.1,   11.8,    7.9
       1303,20190615,   11.1,   2.6,      0.0,   6,    5.400,-999,   6.5,  16.0,  995.62,   18.2,   77.54,   21.7,   15.4,   12.8
       1303,20190616,    9.1,   2.6,      0.0,   0,   10.700,-999,   3.6,  13.4, 1002.31,   18.2,   64.96,   22.0,   14.4,   10.0
       1303,20190617,    8.4,   1.7,      0.0,   0,   14.283,-999,   1.8,  13.6, 1001.95,   20.7,   57.46,   26.4,   13.5,    9.0
       1303,20190618,    7.0,   1.8,      0.0,   0,   10.667,-999,   4.9,  15.5,  996.34,   23.1,   55.46,   28.8,   17.5,   11.7
       1303,20190619,   16.2,   3.0,      9.7,   8,   10.767,-999,   4.3,  17.1,  990.75,   22.4,   65.33,   28.5,   15.7,   15.2
       1303,20190620,   10.0,   2.8,      0.4,   6,    2.883,-999,   6.3,  16.0,  994.80,   17.2,   81.96,   20.9,   13.6,   11.0
       1303,20190621,    7.5,   2.5,      0.0,   0,   10.717,-999,   2.7,  12.1, 1001.52,   16.5,   65.92,   21.2,   12.4,    9.4
       1303,20190622,    9.7,   3.7,      0.0,   0,   13.083,-999,   1.1,  13.6, 1002.67,   19.3,   62.54,   24.9,   12.8,   11.3
       1303,20190623,    9.7,   3.3,      0.0,   0,   12.783,-999,   2.4,  14.4, 1001.04,   23.2,   53.13,   29.7,   16.1,   14.7
       1303,20190624,   10.1,   3.8,      0.0,   0,   14.017,-999,   2.8,  17.3, 1001.15,   26.1,   51.88,   31.7,   19.4,   18.0
       1303,20190625,   10.0,   3.3,      0.0,   0,   13.517,-999,   4.8,  18.9, 1000.28,   28.3,   50.42,   34.5,   20.6,   18.5
       1303,20190626,   10.3,   3.2,      0.0,   0,   14.700,-999,   0.6,  20.7, 1006.03,   24.9,   66.08,   29.7,   17.0,   16.4
       1303,20190627,    8.9,   3.9,      0.0,   0,   13.500,-999,   1.3,  13.0, 1009.34,   19.3,   60.42,   25.1,   14.3,   13.4
       1303,20190628,    8.1,   3.4,      0.0,   0,   14.300,-999,   0.5,  11.8, 1007.00,   18.8,   57.21,   25.3,   12.1,   11.1
       1303,20190629,    7.4,   2.0,      0.0,   0,   15.667,-999,   0.0,  12.4, 1000.97,   25.5,   41.54,   33.9,   14.4,   11.0
       1303,20190630,    9.7,   3.4,      0.0,   6,   14.117,-999,   2.9,  15.7,  996.84,   25.6,   47.21,   30.6,   19.3,   15.3
       1303,20190701,   10.5,   3.2,      0.0,   0,   10.283,-999,   3.8,  13.2, 1000.28,   19.7,   58.29,   24.9,   14.1,    9.6
       1303,20190702,    7.9,   2.7,      0.0,   0,   11.017,-999,   1.3,  10.7, 1004.69,   17.4,   55.88,   23.0,   11.6,    7.5
       1303,20190703,   11.7,   3.2,      0.0,   0,   10.100,-999,   3.3,  10.1, 1006.72,   16.8,   54.13,   21.4,   12.3,    9.1
       1303,20190704,    6.1,   2.3,      0.0,   0,   14.300,-999,   3.1,   9.7, 1005.58,   17.6,   50.42,   24.0,   10.8,    9.4
       1303,20190705,    9.9,   2.6,      0.0,   0,    9.183,-999,   5.1,  12.5,  999.55,   20.2,   54.17,   25.8,   15.1,   10.9
       1303,20190706,   10.7,   3.1,      2.5,   6,    9.700,-999,   6.7,  13.9,  994.27,   18.6,   67.42,   26.6,   12.9,    9.9
       1303,20190707,    8.8,   2.9,      0.0,   6,    5.367,-999,   6.3,  10.9,  997.24,   15.0,   64.92,   19.6,   11.4,    7.6
       1303,20190708,    8.5,   2.4,      0.0,   6,    0.850,-999,   5.7,  10.6, 1001.42,   13.6,   68.88,   17.5,    9.2,    5.2
       1303,20190709,    7.9,   2.6,      0.0,   0,    6.133,-999,   5.4,   9.7, 1002.80,   15.3,   57.25,   20.7,   10.7,    8.4
       1303,20190710,    5.6,   1.9,      2.5,   6,    5.767,-999,   7.2,  10.9, 1001.78,   15.7,   64.04,   22.2,    9.3,    8.3
       1303,20190711,   10.7,   2.1,      1.3,   6,    2.133,-999,   6.8,  16.3,  995.57,   17.5,   82.46,   24.3,   13.9,   13.1
       1303,20190712,    9.9,   2.5,      1.1,   6,    4.283,-999,   6.8,  14.8,  994.32,   18.0,   73.38,   24.1,   14.0,   11.7
       1303,20190713,    9.1,   2.9,      0.2,   6,    2.633,-999,   7.4,  14.9,  999.70,   17.0,   77.79,   22.1,   14.5,   14.2
       1303,20190714,    8.0,   2.9,      0.0,   6,    0.100,-999,   7.6,  12.1, 1001.83,   15.2,   70.13,   18.6,   12.6,   10.5
       1303,20190715,    5.5,   2.0,      0.0,   6,    0.067,-999,   6.4,  11.9, 1001.91,   14.1,   74.29,   17.1,   11.2,    7.8
       1303,20190716,    4.9,   1.8,      0.0,   6,    1.333,-999,   6.3,  12.6, 1001.02,   14.4,   77.50,   18.8,   10.2,    7.1
       1303,20190717,    4.6,   1.4,      0.0,   0,    3.000,-999,   6.0,  13.7,  997.86,   16.6,   73.88,   22.5,   12.4,    8.1
       1303,20190718,   10.8,   2.7,      0.0,   6,    5.683,-999,   7.4,  13.6,  994.45,   19.7,   61.29,   25.8,   12.6,   10.1
       1303,20190719,    8.2,   2.4,      0.0,   0,    8.100,-999,   6.5,  14.4,  996.24,   20.7,   60.29,   24.9,   16.5,   13.6
       1303,20190720,    9.9,   3.0,     10.0,   8,    6.067,-999,   7.2,  17.4,  994.43,   20.8,   72.25,   28.4,   17.0,   14.0
       1303,20190721,    8.5,   2.6,      0.0,   0,    5.717,-999,   5.6,  15.9, 1002.71,   19.0,   73.50,   24.2,   15.6,   13.1
       1303,20190722,    9.5,   2.7,      0.0,   0,   13.067,-999,   4.8,  15.0, 1005.43,   22.1,   58.71,   28.2,   15.2,   13.2
       1303,20190723,    6.4,   2.0,      0.0,   0,   14.767,-999,  -999,  16.3, 1002.67,   27.1,   47.79,   34.0,   18.0,   15.6
       1303,20190724,    9.1,   2.3,      0.0,   0,   13.950,-999,   1.5,  14.9,  997.38,   31.0,   36.00,   38.0,   22.6,   18.7
       1303,20190725,    7.6,   2.2,      0.0,   0,   13.767,-999,   1.3,  17.6,  996.89,   31.6,   41.58,   40.0,   22.0,   18.4
       1303,20190726,   10.9,   3.0,      0.0,   0,   10.350,-999,   3.4,  17.1,  991.48,   29.9,   42.04,   37.3,   23.2,   19.7
       1303,20190727,    9.4,   2.3,     10.3,   8,    7.433,-999,   5.6,  20.0,  985.49,   23.3,   71.25,   29.2,   19.0,   18.4
       1303,20190728,    8.0,   2.5,      0.0,   6,    0.000,-999,   7.8,  20.2,  986.30,   19.0,   91.83,   20.8,   17.3,   17.0
       1303,20190729,    5.9,   2.2,      0.0,   0,   13.583,-999,   1.5,  14.6,  993.79,   20.8,   62.17,   26.3,   15.7,   14.1
       1303,20190730,   10.3,   2.8,      0.0,   6,    9.317,-999,   2.6,  14.1,  994.42,   23.0,   52.00,   29.6,   15.6,   12.5
       1303,20190731,   10.3,   3.4,      0.3,   6,    5.900,-999,   4.5,  13.4,  998.04,   19.9,   58.04,   23.6,   16.5,   14.1
       1303,20190801,   10.3,   2.6,      0.2,   6,    6.717,-999,   3.4,  14.3,  999.25,   19.1,   65.33,   24.3,   14.2,   11.6
       1303,20190802,    9.5,   2.5,     13.9,   6,    5.383,-999,   4.5,  16.3,  997.26,   18.1,   80.42,   25.5,   14.0,   11.0
       1303,20190803,    7.3,   2.5,      0.0,   6,    0.950,-999,   7.1,  16.3,  999.83,   17.7,   81.42,   21.0,   15.4,   13.3
       1303,20190804,    5.7,   1.6,      0.0,   6,   11.500,-999,   3.5,  15.0,  998.16,   20.8,   64.33,   26.9,   13.5,   10.7
       1303,20190805,   10.1,   3.1,      0.9,   6,    8.067,-999,   6.8,  15.4,  993.41,   22.5,   57.08,   26.7,   19.1,   17.0
       1303,20190806,   10.6,   3.1,      0.0,   6,    6.750,-999,   7.2,  15.0,  992.75,   20.5,   63.08,   24.1,   15.1,   14.9
       1303,20190807,   11.9,   3.6,      0.0,   0,    8.167,-999,   5.0,  14.9,  990.57,   20.0,   65.33,   24.1,   15.7,   14.0
       1303,20190808,   11.5,   3.5,      0.0,   0,    9.900,-999,   4.0,  14.1,  994.19,   19.1,   64.67,   23.4,   14.5,   12.7
       1303,20190809,   11.8,   3.6,      0.3,   6,    0.533,-999,   7.0,  18.4,  991.15,   21.1,   74.17,   25.4,   16.5,   14.0
       1303,20190810,   18.0,   5.6,      0.0,   6,    7.033,-999,   3.9,  14.6,  993.43,   21.1,   59.58,   25.1,   18.0,   16.4
       1303,20190811,   10.1,   3.4,      0.0,   0,    5.250,-999,   5.8,  12.5,  997.41,   18.9,   57.42,   22.6,   16.0,   13.7
       1303,20190812,   15.6,   2.8,     14.1,   6,    6.217,-999,   4.0,  13.4,  997.57,   16.1,   75.29,   23.8,   12.3,   11.6
       1303,20190813,   10.0,   3.2,      0.4,   6,    3.967,-999,   5.8,  12.9,  999.67,   14.2,   81.25,   19.6,   11.8,   10.1
       1303,20190814,    9.6,   2.8,      4.6,   6,    8.967,-999,   3.9,  12.0,  999.22,   16.3,   67.63,   22.5,    9.5,    8.4
       1303,20190815,   11.8,   3.5,      6.7,   6,    2.683,-999,   6.8,  16.2,  993.99,   16.9,   84.46,   20.9,   14.4,   12.3
       1303,20190816,    9.5,   2.8,      1.4,   6,    4.917,-999,   5.9,  14.4,  997.99,   17.4,   74.00,   21.5,   13.1,   11.1
       1303,20190817,   12.7,   3.3,     11.6,   6,    0.050,-999,   7.7,  17.4,  991.26,   17.9,   84.92,   20.5,   15.8,   14.6
       1303,20190818,    8.8,   2.6,      8.2,   6,    0.900,-999,   7.2,  16.8,  989.98,   15.9,   92.71,   18.4,   13.1,   12.8
       1303,20190819,   10.2,   3.5,      0.0,   6,    8.567,-999,   3.5,  12.8,  998.63,   17.0,   67.17,   21.6,   13.0,   11.4
       1303,20190820,   12.6,   2.6,      2.6,   6,    8.217,-999,   3.7,  13.1, 1005.26,   15.8,   74.38,   21.1,   12.3,   10.1
       1303,20190821,    4.9,   1.6,      0.0,   0,   12.450,-999,   1.5,  11.9, 1009.98,   16.9,   64.33,   21.9,   10.7,    7.0
       1303,20190822,    7.3,   2.2,      0.0,   0,   13.050,-999,   1.1,  11.7, 1007.88,   20.1,   51.08,   25.5,   13.9,    9.6
       1303,20190823,    6.7,   2.5,      0.0,   0,   12.850,-999,   2.9,  13.2, 1007.20,   21.5,   53.83,   27.2,   12.6,   10.5
       1303,20190824,    7.1,   1.9,      0.0,   0,   13.133,-999,   0.0,  12.9, 1003.15,   23.0,   47.67,   29.5,   14.7,   10.7
       1303,20190825,    5.6,   1.7,      0.0,   0,   10.233,-999,   1.3,  16.6, 1001.45,   24.6,   54.13,   30.3,   16.8,   13.3
       1303,20190826,    7.3,   1.7,      0.0,   6,   10.933,-999,   1.0,  19.1, 1000.28,   25.1,   61.25,   32.6,   18.8,   16.3
       1303,20190827,    7.4,   1.8,      0.6,   6,   10.500,-999,   2.3,  18.4,  997.82,   26.0,   56.33,   32.4,   19.6,   17.1
       1303,20190828,    7.6,   2.5,     11.5,   6,    9.000,-999,   6.3,  17.7,  996.81,   25.2,   55.38,   29.1,   21.8,   19.6
       1303,20190829,    8.4,   2.0,      0.0,   0,    5.000,-999,   5.7,  17.9, 1001.63,   20.4,   75.46,   23.8,   17.0,   15.4
       1303,20190830,    5.4,   1.5,      0.0,   0,   11.483,-999,   0.9,  14.2, 1004.65,   19.3,   65.21,   24.4,   14.0,   11.6
       1303,20190831,   17.1,   2.5,      1.9,   6,   10.567,-999,   2.0,  16.5,  995.55,   23.2,   60.00,   30.8,   14.7,   11.5
       1303,20190901,    7.3,   2.3,      0.3,   6,    2.567,-999,   6.0,  13.8,  997.43,   16.9,   72.08,   19.7,   12.8,    8.3
       1303,20190902,    8.3,   2.2,      0.0,   0,   10.767,-999,   2.3,  10.4, 1005.11,   14.9,   63.83,   20.4,    9.6,    7.2
       1303,20190903,    9.2,   2.7,      0.0,   6,    1.567,-999,   7.0,  12.5, 1005.50,   15.3,   71.67,   18.6,   11.6,    9.3
       1303,20190904,   10.4,   3.4,      3.7,   6,    4.800,-999,   6.6,  14.1,  998.60,   16.6,   76.25,   22.7,   12.6,   11.4
       1303,20190905,   11.7,   3.3,      0.2,   6,    4.017,-999,   4.1,  12.1, 1002.15,   13.3,   79.96,   17.7,    8.8,    5.0
       1303,20190906,    8.1,   2.7,      2.8,   6,    9.467,-999,   3.4,   9.8, 1005.15,   13.4,   67.29,   18.8,    6.4,    3.6
       1303,20190907,    8.1,   2.1,      0.9,   6,    3.967,-999,   5.7,  12.6, 1000.67,   13.9,   79.96,   17.7,   11.2,    8.6
       1303,20190908,    7.2,   2.2,      0.0,   6,    2.183,-999,   7.0,  12.5, 1000.78,   13.0,   83.71,   16.3,   10.9,   10.7
       1303,20190909,    5.5,   1.7,      0.0,   0,    5.150,-999,   6.9,  10.9,  997.85,   13.3,   72.96,   17.7,   10.0,    7.0
       1303,20190910,    6.7,   1.7,      0.0,   0,    9.567,-999,   1.4,  10.1, 1000.14,   14.4,   64.21,   19.6,    9.0,    4.7
       1303,20190911,    9.8,   3.0,      4.2,   6,    3.683,-999,   6.1,  12.7, 1004.37,   13.9,   79.54,   18.6,   11.0,    8.8
       1303,20190912,    9.5,   3.3,      0.1,   6,    4.767,-999,   5.6,  16.3, 1009.51,   18.3,   79.08,   22.7,   14.8,   14.7
       1303,20190913,    7.9,   3.0,      1.5,   6,    2.350,-999,   5.9,  15.4, 1013.90,   17.2,   78.58,   20.6,   12.7,   10.8
       1303,20190914,    6.3,   2.2,      0.0,   0,   11.750,-999,   1.3,  10.0, 1013.91,   15.2,   60.50,   20.8,    9.2,    6.6
       1303,20190915,    8.2,   2.5,      0.1,   6,   11.350,-999,   2.2,  11.7, 1005.68,   17.3,   61.08,   23.9,   11.3,    7.7
       1303,20190916,    5.6,   1.5,      2.4,   6,    0.000,-999,   7.8,  15.5, 1002.64,   14.2,   95.38,   15.9,   12.3,   10.6
       1303,20190917,   12.7,   2.5,      0.0,   6,    3.317,-999,   5.2,  11.4, 1003.90,   12.8,   77.71,   16.8,    7.9,    3.2
       1303,20190918,    8.9,   2.3,      0.0,   0,    6.967,-999,   3.8,   9.6, 1008.84,   11.4,   73.00,   17.2,    5.5,    1.7
       1303,20190919,    6.8,   2.1,      0.0,   0,   10.367,-999,   2.4,   8.8, 1012.12,   11.4,   67.63,   16.2,    5.6,    1.1
       1303,20190920,    5.9,   2.1,      0.0,   0,   11.250,-999,   2.1,   8.2, 1009.90,   13.3,   55.67,   19.2,    6.4,    2.8
       1303,20190921,    9.7,   3.6,      0.0,   0,   11.600,-999,   0.0,   8.5, 1000.97,   17.1,   45.21,   25.1,    9.8,    5.6
       1303,20190922,    8.5,   4.0,      2.7,   6,    8.567,-999,   4.5,  12.9,  992.13,   20.6,   53.08,   27.1,   13.8,    9.6
       1303,20190923,    7.4,   2.4,      0.9,   6,    2.083,-999,   7.3,  15.3,  996.68,   15.8,   85.46,   19.2,   13.6,   10.1
       1303,20190924,   11.4,   3.9,      1.3,   6,    1.033,-999,   6.9,  13.2,  992.47,   15.1,   78.08,   19.0,   11.2,    8.2
       1303,20190925,    9.6,   3.2,      2.7,   6,    0.650,-999,   7.8,  14.6,  988.60,   14.9,   86.33,   18.3,   13.2,   12.6
       1303,20190926,   13.4,   3.1,      7.8,   6,    0.167,-999,   7.7,  16.6,  991.03,   15.5,   94.04,   17.2,   13.0,   12.8
       1303,20190927,   11.2,   3.8,      0.5,   6,    4.333,-999,   6.8,  13.8,  991.45,   15.2,   81.13,   18.9,   12.7,   12.1
       1303,20190928,   13.5,   5.5,      3.8,   6,    0.983,-999,   7.1,  14.0,  993.52,   14.2,   86.25,   16.8,   12.8,   12.4
       1303,20190929,   16.0,   4.9,     37.5,   6,    0.117,-999,   7.6,  14.6,  984.25,   14.5,   88.00,   16.8,   13.2,   12.4
       1303,20190930,   16.8,   4.4,     10.4,   6,    1.017,-999,   7.4,  13.2,  990.65,   13.8,   83.92,   16.4,   11.8,   11.6
       1303,20191001,   12.4,   3.8,     18.1,   8,    0.000,-999,   7.5,  15.5,  984.09,   14.4,   94.67,   16.0,   12.1,   11.9
       1303,20191002,   11.3,   3.2,      1.1,   6,    5.283,   0,   4.6,  10.2,  992.40,   10.0,   82.88,   14.1,    7.7,    6.5
       1303,20191003,    8.2,   2.6,      1.2,   6,    0.333,   0,   7.4,  11.2,  999.10,    9.4,   94.88,   13.9,    7.3,    6.5
       1303,20191004,   11.6,   4.3,      6.0,   6,    0.017,   0,   7.8,  11.4,  988.29,   10.1,   91.54,   12.6,    8.5,    7.9
       1303,20191005,    6.7,   2.4,      0.0,   0,    1.833,   0,   7.8,   9.7,  997.47,    9.2,   83.71,   12.8,    6.9,    5.7
       1303,20191006,   10.1,   4.3,     16.6,   6,    0.000,   0,   7.9,   9.7,  995.65,    8.1,   89.58,    9.8,    7.2,    6.8
       1303,20191007,    7.9,   3.2,      9.1,   6,    0.400,   0,   7.6,  10.6,  998.62,    9.5,   89.00,   12.0,    7.0,    6.2
       1303,20191008,    9.5,   3.9,      6.4,   6,    0.150,   0,   7.5,  13.6,  990.42,   12.4,   94.13,   15.4,   10.8,   10.3
       1303,20191009,   12.4,   4.8,      1.5,   6,    0.217,   0,   7.1,  11.5,  989.40,   11.4,   85.25,   13.5,    9.5,    8.2
       1303,20191010,   12.0,   4.6,      0.4,   6,    2.833,   0,   6.3,  10.7,  994.46,   11.6,   78.50,   15.1,    9.0,    8.0
       1303,20191011,   14.8,   5.0,      0.3,   6,    0.000,   0,   7.6,  12.2,  994.86,   13.9,   76.75,   16.8,   11.0,    9.7
       1303,20191012,   12.8,   4.1,      0.0,   6,    4.383,   0,   5.3,  13.8,  992.45,   15.9,   76.50,   18.5,   13.5,   12.0
       1303,20191013,   13.4,   4.5,      2.4,   6,    3.517,   0,   6.0,  17.0,  991.85,   18.8,   79.25,   23.4,   14.8,   13.1
       1303,20191014,   11.0,   3.3,      0.0,   0,    6.217,   0,   5.9,  15.2,  993.28,   17.6,   76.67,   22.3,   12.0,    9.5
       1303,20191015,    8.1,   2.5,      9.3,   6,    1.300,   0,   5.9,  14.7,  989.36,   15.5,   84.08,   19.8,   12.0,   11.6
       1303,20191016,   11.0,   3.8,      7.8,   6,    3.383,   0,   7.0,  13.4,  991.77,   12.3,   93.08,   14.6,   10.5,   10.0
       1303,20191017,   11.7,   3.2,      3.6,   6,    0.350,   0,   7.5,  14.7,  992.18,   13.4,   95.29,   15.0,   12.6,   11.4
       1303,20191018,   17.3,   4.9,      5.4,   8,    2.400,   0,   6.2,  11.6,  989.53,   12.4,   79.79,   16.4,    8.8,    8.4
       1303,20191019,   11.3,   3.9,      5.3,   6,    0.083,   0,   7.9,  12.4,  988.30,   11.7,   89.67,   13.7,   10.4,    9.2
       1303,20191020,    9.3,   2.6,      9.9,   6,    0.000,   0,   7.7,  13.0,  990.76,   11.1,   98.42,   12.2,   10.4,    9.6
       1303,20191021,   11.0,   2.9,      0.0,   0,    3.533,   0,   6.3,  12.6,  998.47,   13.3,   82.75,   17.2,   11.0,    8.5
       1303,20191022,    7.5,   2.2,      0.1,   6,    0.267,   0,   7.6,  11.6, 1005.55,   11.4,   85.88,   13.7,    9.5,    6.6
       1303,20191023,    7.5,   2.4,      0.0,   6,    4.900,   0,   5.5,  12.7,  997.36,   12.7,   86.38,   17.9,    9.7,    8.4
       1303,20191024,    8.7,   3.3,      0.0,   4,    2.767,   0,   6.5,  13.3,  991.32,   14.8,   78.88,   19.1,   11.4,   10.2
       1303,20191025,   13.0,   4.2,      0.0,   0,    4.550,   0,   4.9,  11.8, 1000.10,   13.9,   74.54,   15.7,   11.4,   10.1
       1303,20191026,   12.9,   4.7,      4.8,   6,    5.767,   0,   3.5,  12.8,  996.57,   15.9,   71.21,   19.3,   13.5,   12.1
       1303,20191027,   13.6,   3.1,      0.1,   6,    0.933,   0,   6.8,  10.3, 1001.66,    9.7,   85.25,   17.5,    4.7,    0.9
       1303,20191028,    3.8,   1.6,      0.0,   0,    4.283,   0,   4.4,   8.7, 1005.22,    7.0,   87.33,   11.4,    3.5,    0.2
       1303,20191029,    6.9,   2.4,      0.0,   0,    6.683,   0,   3.5,   8.1, 1006.96,    7.0,   81.25,   10.6,    3.8,    1.5
       1303,20191030,    6.9,   2.9,      0.0,   0,    5.417,   0,   2.3,   6.8, 1008.97,    4.4,   82.04,    8.6,    1.4,   -0.3
       1303,20191031,    5.9,   2.7,      0.0,   0,    8.767,   0,   1.0,   6.2, 1004.29,    4.0,   76.58,   10.0,   -0.6,   -2.6
       1303,20191101,   11.1,   5.3,      7.8,   6,    0.000,   0,   6.7,   9.3,  988.97,    7.5,   87.38,   11.8,    3.9,    1.9
       1303,20191102,   12.8,   4.5,      3.9,   6,    0.250,   0,   7.5,  12.5,  973.15,   12.7,   85.13,   14.3,   10.6,    9.3
       1303,20191103,   10.0,   4.5,      5.1,   6,    0.400,   0,   7.6,  11.7,  968.19,   11.3,   87.29,   14.2,    9.1,    8.4
       1303,20191104,   10.4,   3.1,      4.9,   6,    0.633,   0,   6.8,  11.2,  971.56,    9.7,   93.50,   11.6,    8.6,    7.0
       1303,20191105,    7.1,   2.2,      6.1,   6,    0.000,   0,   7.6,  10.4,  978.64,    8.2,   95.79,    9.8,    6.6,    2.7
       1303,20191106,    6.0,   1.7,      4.4,   6,    0.000,   0,   7.6,  10.0,  984.06,    7.5,   96.29,    9.0,    5.4,    1.8
       1303,20191107,   13.3,   4.4,      2.7,   6,    1.100,   0,   6.3,   9.0,  981.56,    7.4,   87.79,   10.5,    4.7,    3.0
       1303,20191108,    7.1,   1.9,      0.8,   6,    3.517,   0,   5.8,   7.9,  988.11,    6.1,   83.71,   10.3,    3.4,   -0.3
       1303,20191109,    9.1,   2.7,      0.1,   6,    0.583,   0,   5.0,   7.7,  990.16,    4.4,   92.29,    7.1,    2.2,   -0.4
       1303,20191110,    7.4,   1.6,      0.0,   6,    8.583,   0,   0.5,   6.7,  994.31,    4.1,   82.75,    9.2,    0.6,   -2.5
       1303,20191111,   15.8,   5.2,      3.2,   6,    0.083,   0,   7.5,   7.3,  988.61,    4.1,   89.29,    6.4,    1.0,    0.7
       1303,20191112,   11.0,   3.6,      2.2,   6,    0.067,   0,   4.4,   7.3,  983.58,    4.1,   88.79,    5.6,    2.2,    0.7
       1303,20191113,   11.4,   3.8,      1.0,   6,    0.000,   0,   7.1,   7.6,  982.98,    4.6,   88.33,    6.7,    2.6,    1.2
       1303,20191114,   11.7,   4.1,      0.0,   0,    0.383,   0,   6.6,   6.9,  984.25,    5.5,   77.25,    8.1,    2.9,    1.6
       1303,20191115,   10.4,   2.8,      0.0,   0,    1.017,   0,   7.5,   6.8,  983.61,    3.6,   85.71,    5.9,    1.4,    0.1
       1303,20191116,    7.9,   2.1,      0.0,   0,    3.167,   0,   6.1,   6.8,  990.35,    4.4,   81.50,    7.8,    2.2,   -0.8
       1303,20191117,    9.6,   3.0,     15.0,   6,    0.000,   0,   5.7,   6.8,  992.19,    3.1,   89.38,    4.8,    0.3,   -2.7
       1303,20191118,    9.6,   2.4,     34.2,   6,    0.000,   0,   7.8,   8.5,  988.52,    4.7,   99.21,    6.3,    2.8,    2.7
       1303,20191119,    7.7,   2.7,      4.6,   6,    0.033,   0,   6.2,   7.8,  997.89,    3.9,   97.00,    5.8,    2.4,   -1.3
       1303,20191120,    5.6,   1.9,      0.0,   0,    3.533,   0,   4.0,   6.7,  999.23,    1.8,   96.50,    4.4,   -0.8,   -2.0
       1303,20191121,    8.6,   2.8,      1.3,   6,    1.750,   0,   7.7,   6.6,  991.09,    2.5,   89.54,    6.6,   -1.3,   -1.9
       1303,20191122,    9.8,   4.1,      0.5,   6,    5.367,   0,   6.7,   8.1,  987.39,    6.1,   85.46,    8.6,    2.1,    0.2
       1303,20191123,    8.6,   2.3,      0.0,   0,    3.400,   0,   6.4,   7.6,  981.85,    5.3,   85.50,    9.7,    1.3,   -0.4
       1303,20191124,    5.0,   1.8,      0.0,   0,    4.767,   0,   5.6,   8.4,  988.53,    6.5,   86.75,   10.3,    2.3,   -0.5
       1303,20191125,    5.7,   1.7,      0.0,   6,    0.000,   0,   7.2,   9.1,  991.41,    7.0,   90.00,    8.9,    5.0,    2.9
       1303,20191126,   10.7,   4.4,      0.5,   6,    0.317,   0,   7.3,  10.2,  985.87,    9.1,   88.29,   11.1,    6.5,    4.8
       1303,20191127,   20.6,   5.1,      3.4,   6,    0.300,   0,   7.3,  10.5,  973.33,   10.3,   83.29,   11.7,    9.1,    8.5
       1303,20191128,   17.4,   6.4,      9.7,   6,    0.000,   0,   7.5,  10.5,  974.47,    9.1,   90.54,   10.8,    7.3,    6.9
       1303,20191129,    8.1,   2.1,      0.0,   0,    3.100,   0,   5.3,   7.2,  992.50,    5.1,   82.25,    7.3,    1.9,   -0.6
       1303,20191130,    5.0,   1.9,      0.0,   0,    2.400,   0,   2.8,   6.5, 1004.86,    1.3,   96.67,    3.9,   -0.5,   -2.9
       1303,20191201,    6.6,   2.7,      0.0,   0,    0.000,   0,   7.6,   5.7, 1002.82,    0.4,   91.04,    1.6,   -1.0,   -1.9
       1303,20191202,    6.0,   2.2,      2.9,   6,    0.183,   0,   6.8,   7.0, 1007.54,    2.0,   98.58,    4.6,   -1.1,   -3.5
       1303,20191203,    4.7,   1.7,      0.1,   6,    1.150,   0,   6.9,   8.6, 1009.71,    4.9,   98.33,    6.9,    2.7,    1.0
       1303,20191204,    6.9,   2.1,      0.0,   0,    7.417,   0,   0.3,   6.7, 1004.32,    3.7,   84.58,    7.4,    1.2,   -1.9
       1303,20191205,   10.8,   3.6,      0.0,   6,    3.550,   0,   3.6,   5.9, 1001.90,    1.7,   84.96,    4.0,    0.1,   -1.3
       1303,20191206,   13.9,   5.4,     13.9,   6,    0.000,   0,   7.5,   7.3,  992.44,    3.9,   88.96,    7.5,    0.8,   -0.1
       1303,20191207,   11.7,   4.8,      0.0,   6,    0.000,   0,   7.6,   9.5,  994.01,    8.0,   88.58,    8.6,    7.5,    7.0
       1303,20191208,   16.0,   6.3,      4.7,   6,    0.000,   0,   6.5,   9.1,  985.41,    8.6,   80.67,    9.9,    6.1,    4.6
       1303,20191209,   16.5,   4.8,      9.0,   6,    0.000,   0,   6.5,   8.0,  984.94,    5.9,   85.92,    7.2,    2.4,    0.6
       1303,20191210,   15.7,   4.0,      1.2,   6,    3.933,   0,   4.7,   6.3, 1003.27,    3.0,   83.38,    5.9,    0.2,   -2.0
       1303,20191211,   15.5,   3.8,      7.3,   6,    0.000,   0,   7.8,   7.5,  990.15,    3.8,   93.38,    5.0,    3.0,    1.8
       1303,20191212,   16.7,   4.9,      0.4,   8,    2.983,   0,   6.2,   6.7,  980.46,    4.0,   82.71,    5.4,    2.8,    1.5
       1303,20191213,   16.9,   5.9,     11.8,   6,    0.000,   0,   7.5,   7.2,  961.76,    3.7,   90.58,    5.6,    1.9,    0.8
       1303,20191214,   19.7,   5.4,     11.6,   8,    0.300,   0,   6.8,   7.3,  972.95,    4.7,   86.00,    6.3,    3.2,    2.4
       1303,20191215,   16.1,   5.1,      2.1,   6,    3.583,   0,   5.6,   7.6,  982.66,    6.8,   76.88,    9.3,    4.6,    2.7
       1303,20191216,    9.7,   3.3,      0.0,   6,    0.000,   0,   7.9,   9.5,  987.49,    8.0,   88.42,   10.7,    5.0,    3.3
       1303,20191217,   12.2,   4.5,      6.3,   6,    0.167,   0,   7.2,  10.3,  984.48,   12.3,   72.25,   14.3,    8.5,    7.9
       1303,20191218,   13.4,   3.7,      0.0,   0,    4.817,   0,   3.9,   9.1,  996.86,    7.8,   85.71,    9.7,    5.7,    3.4
       1303,20191219,   13.2,   6.2,      0.0,   6,    6.783,   0,   1.3,   9.7,  990.95,   12.1,   69.00,   15.1,    9.3,    7.9
       1303,20191220,   17.5,   7.0,      3.9,   6,    0.000,   0,   6.3,   9.2,  972.73,   11.0,   70.29,   12.9,    7.5,    5.3
       1303,20191221,   12.0,   4.9,      1.3,   6,    3.533,   0,   5.3,   8.0,  972.04,    7.7,   76.42,    9.0,    6.4,    4.6
       1303,20191222,   13.6,   5.6,      7.9,   6,    0.000,   0,   7.5,   9.3,  967.50,    7.4,   90.00,    8.9,    5.9,    4.9
       1303,20191223,    9.9,   4.0,      2.6,   6,    0.000,   0,   7.6,   9.2,  988.02,    6.9,   92.67,    7.7,    5.8,    4.3
       1303,20191224,   13.1,   4.9,      5.8,   6,    0.000,   0,   7.3,   9.3,  991.84,    7.2,   90.96,    9.6,    5.5,    4.0
       1303,20191225,    9.7,   2.9,      2.0,   6,    0.000,   0,   7.5,   9.4, 1000.83,    6.7,   95.54,    7.9,    5.1,    3.7
       1303,20191226,    8.3,   2.7,      0.0,   6,    0.000,   0,   7.9,   8.0, 1005.34,    5.3,   89.17,    6.1,    4.7,    3.6
       1303,20191227,    8.4,   2.8,      0.0,   0,    4.400,   0,   4.4,   6.9, 1009.90,    3.7,   86.58,    5.4,   -0.4,   -1.7
       1303,20191228,    9.0,   2.6,      0.0,   0,    2.467,   0,   4.5,   5.4, 1021.06,    0.6,   84.42,    3.3,   -2.6,   -4.6
       1303,20191229,    9.4,   3.6,      0.0,   0,    0.333,   0,   5.0,   4.3, 1018.46,    2.9,   57.75,    5.3,    0.5,   -1.1
       1303,20191230,    8.8,   3.7,      0.0,   6,    5.767,   0,   1.8,   2.9, 1012.41,    7.4,   28.42,   10.6,    4.2,    2.1
       1303,20191231,    6.9,   2.2,      0.2,   6,    0.000,   0,   5.2,   6.3, 1014.87,    3.1,   82.75,    5.5,   -0.2,   -3.2
